{
  "minecraft:adventure/root": {
    "criteria": {
      "killed_something": "2020-03-07 13:55:21 +0800"
    },
    "done": true
  },
  "minecraft:adventure/kill_a_mob": {
    "criteria": {
      "slime": "2020-03-07 13:55:21 +0800"
    },
    "done": true
  },
  "minecraft:adventure/kill_all_mobs": {
    "criteria": {
      "slime": "2020-03-07 13:55:21 +0800"
    },
    "done": false
  },
  "minecraft:adventure/adventuring_time": {
    "criteria": {
      "plains": "2020-03-07 13:54:09 +0800"
    },
    "done": false
  },
  "minecraft:husbandry/tame_an_animal": {
    "criteria": {
      "tamed_animal": "2020-03-07 13:54:54 +0800"
    },
    "done": true
  }
}